Date,Close Price
2013-05-31 0:00,128.82
2013-06-01 0:00,129.3
2013-06-02 0:00,122.5
2013-06-03 0:00,120.74
2013-06-04 0:00,121.4
2013-06-05 0:00,121.9
2013-06-06 0:00,118.97
2013-06-07 0:00,111
2013-06-08 0:00,107.89
2013-06-09 0:00,100.44
2013-06-10 0:00,106.35
2013-06-11 0:00,109
2013-06-12 0:00,108.78
2013-06-13 0:00,103.95
2013-06-14 0:00,100
2013-06-15 0:00,99.8
2013-06-16 0:00,99.9
2013-06-17 0:00,101.95
2013-06-18 0:00,107.35
2013-06-19 0:00,108.25
2013-06-20 0:00,111.29
2013-06-21 0:00,109.5
2013-06-22 0:00,108.2
2013-06-23 0:00,107.9
2013-06-24 0:00,102.09
2013-06-25 0:00,103.33
2013-06-26 0:00,104
2013-06-27 0:00,101.74
2013-06-28 0:00,94.66
2013-06-29 0:00,95
2013-06-30 0:00,97.51
2013-07-01 0:00,84.61
2013-07-02 0:00,87.66
2013-07-03 0:00,76.89
2013-07-04 0:00,77.68
2013-07-05 0:00,66.34
2013-07-06 0:00,66.85
2013-07-07 0:00,72.51
2013-07-08 0:00,74.56
2013-07-09 0:00,74.22
2013-07-10 0:00,84.51
2013-07-11 0:00,91.22
2013-07-12 0:00,88.46
2013-07-13 0:00,91.39
2013-07-14 0:00,90.37
2013-07-15 0:00,93.14
2013-07-16 0:00,92.74
2013-07-17 0:00,90.54
2013-07-18 0:00,85.43
2013-07-19 0:00,85.78
2013-07-20 0:00,85.67
2013-07-21 0:00,85.47
2013-07-22 0:00,86.09
2013-07-23 0:00,86.94
2013-07-24 0:00,87.46
2013-07-25 0:00,89.41
2013-07-26 0:00,90.63
2013-07-27 0:00,89.1
2013-07-28 0:00,92.1
2013-07-29 0:00,93.3
2013-07-30 0:00,96.31
2013-07-31 0:00,97.91
2013-08-01 0:00,96.42
2013-08-02 0:00,97.24
2013-08-03 0:00,96.66
2013-08-04 0:00,96.6
2013-08-05 0:00,96.92
2013-08-06 0:00,97.13
2013-08-07 0:00,96.92
2013-08-08 0:00,94.77
2013-08-09 0:00,93.36
2013-08-10 0:00,93.29
2013-08-11 0:00,94.16
2013-08-12 0:00,95.08
2013-08-13 0:00,97.9
2013-08-14 0:00,97.96
2013-08-15 0:00,97.54
2013-08-16 0:00,98.33
2013-08-17 0:00,99.56
2013-08-18 0:00,98.84
2013-08-19 0:00,102.3
2013-08-20 0:00,105.01
2013-08-21 0:00,111.44
2013-08-22 0:00,109.73
2013-08-23 0:00,107.55
2013-08-24 0:00,108.69
2013-08-25 0:00,111.79
2013-08-26 0:00,112.23
2013-08-27 0:00,117.45
2013-08-28 0:00,117.59
2013-08-29 0:00,117.52
2013-08-30 0:00,123.23
2013-08-31 0:00,129.46
2013-09-01 0:00,128.26
2013-09-02 0:00,127.36
2013-09-03 0:00,127.59
2013-09-04 0:00,120.57
2013-09-05 0:00,120.53
2013-09-06 0:00,116.32
2013-09-07 0:00,119.05
2013-09-08 0:00,116.59
2013-09-09 0:00,120.02
2013-09-10 0:00,121.46
2013-09-11 0:00,125.45
2013-09-12 0:00,125.76
2013-09-13 0:00,126.51
2013-09-14 0:00,124.08
2013-09-15 0:00,124.58
2013-09-16 0:00,125.06
2013-09-17 0:00,125.97
2013-09-18 0:00,126.3
2013-09-19 0:00,124.19
2013-09-20 0:00,122.9
2013-09-21 0:00,122.64
2013-09-22 0:00,122.65
2013-09-23 0:00,122.22
2013-09-24 0:00,122.54
2013-09-25 0:00,123.42
2013-09-26 0:00,123.48
2013-09-27 0:00,123.5
2013-09-28 0:00,124.75
2013-09-29 0:00,125.18
2013-09-30 0:00,123.1
2013-10-01 0:00,125.49
2013-10-02 0:00,99.81
2013-10-03 0:00,116.82
2013-10-04 0:00,121.29
2013-10-05 0:00,121.14
2013-10-06 0:00,121.68
2013-10-07 0:00,123.24
2013-10-08 0:00,124.32
2013-10-09 0:00,125.84
2013-10-10 0:00,125.7
2013-10-11 0:00,125.51
2013-10-12 0:00,126.52
2013-10-13 0:00,130.42
2013-10-14 0:00,133.04
2013-10-15 0:00,138.64
2013-10-16 0:00,137.42
2013-10-17 0:00,142.73
2013-10-18 0:00,149.59
2013-10-19 0:00,159.81
2013-10-20 0:00,163.06
2013-10-21 0:00,174.18
2013-10-22 0:00,183.86
2013-10-23 0:00,200.62
2013-10-24 0:00,183.15
2013-10-25 0:00,178.12
2013-10-26 0:00,175.9
2013-10-27 0:00,185.69
2013-10-28 0:00,187.87
2013-10-29 0:00,198.19
2013-10-30 0:00,194.55
2013-10-31 0:00,198.23
2013-11-01 0:00,198.51
2013-11-02 0:00,200.85
2013-11-03 0:00,207.63
2013-11-04 0:00,225.2
2013-11-05 0:00,239.29
2013-11-06 0:00,253.69
2013-11-07 0:00,283.3
2013-11-08 0:00,323.77
2013-11-09 0:00,336.14
2013-11-10 0:00,311.9
2013-11-11 0:00,332.63
2013-11-12 0:00,349.34
2013-11-13 0:00,393.28
2013-11-14 0:00,410.72
2013-11-15 0:00,409.17
2013-11-16 0:00,428.82
2013-11-17 0:00,476.29
2013-11-18 0:00,674.38
2013-11-19 0:00,541.83
2013-11-20 0:00,572.67
2013-11-21 0:00,695.87
2013-11-22 0:00,747.48
2013-11-23 0:00,776.7
2013-11-24 0:00,751.38
2013-11-25 0:00,778.68
2013-11-26 0:00,899.2
2013-11-27 0:00,948.41
2013-11-28 0:00,1037.75
2013-11-29 0:00,1120.4
2013-11-30 0:00,1124.76
2013-12-01 0:00,946.92
2013-12-02 0:00,1038.35
2013-12-03 0:00,1068.67
2013-12-04 0:00,1147.25
2013-12-05 0:00,1042.03
2013-12-06 0:00,834.03
2013-12-07 0:00,694.47
2013-12-08 0:00,795.4
2013-12-09 0:00,898.02
2013-12-10 0:00,990
2013-12-11 0:00,883.26
2013-12-12 0:00,875.75
2013-12-13 0:00,898.21
2013-12-14 0:00,867.49
2013-12-15 0:00,879.47
2013-12-16 0:00,712.51
2013-12-17 0:00,683.84
2013-12-18 0:00,522.23
2013-12-19 0:00,698.45
2013-12-20 0:00,622.84
2013-12-21 0:00,608.96
2013-12-22 0:00,617.82
2013-12-23 0:00,673.17
2013-12-24 0:00,667.62
2013-12-25 0:00,687.36
2013-12-26 0:00,765.21
2013-12-27 0:00,746.72
2013-12-28 0:00,730.47
2013-12-29 0:00,745.07
2013-12-30 0:00,754.76
2013-12-31 0:00,757.5
2014-01-01 0:00,770.44
2014-01-02 0:00,808.05
2014-01-03 0:00,830.02
2014-01-04 0:00,858.98
2014-01-05 0:00,940.1
2014-01-06 0:00,951.39
2014-01-07 0:00,810.58
2014-01-08 0:00,859.95
2014-01-09 0:00,860.89
2014-01-10 0:00,884.67
2014-01-11 0:00,930.9
2014-01-12 0:00,873.26
2014-01-13 0:00,857.96
2014-01-14 0:00,851.83
2014-01-15 0:00,874.71
2014-01-16 0:00,847.37
2014-01-17 0:00,828.22
2014-01-18 0:00,843.76
2014-01-19 0:00,878.68
2014-01-20 0:00,871.05
2014-01-21 0:00,874.29
2014-01-22 0:00,863.95
2014-01-23 0:00,854.35
2014-01-24 0:00,825.12
2014-01-25 0:00,861.85
2014-01-26 0:00,880.15
2014-01-27 0:00,814.53
2014-01-28 0:00,833.94
2014-01-29 0:00,837.51
2014-01-30 0:00,845.85
2014-01-31 0:00,848.29
2014-02-01 0:00,853.02
2014-02-02 0:00,854.37
2014-02-03 0:00,846.9
2014-02-04 0:00,842.01
2014-02-05 0:00,820.87
2014-02-06 0:00,783.62
2014-02-07 0:00,703.57
2014-02-08 0:00,676.91
2014-02-09 0:00,681.94
2014-02-10 0:00,679.73
2014-02-11 0:00,669.44
2014-02-12 0:00,648.38
2014-02-13 0:00,598.41
2014-02-14 0:00,656.61
2014-02-15 0:00,645.43
2014-02-16 0:00,610.65
2014-02-17 0:00,621.49
2014-02-18 0:00,621.22
2014-02-19 0:00,617.71
2014-02-20 0:00,552.21
2014-02-21 0:00,569.04
2014-02-22 0:00,604.75
2014-02-23 0:00,604.58
2014-02-24 0:00,545.32
2014-02-25 0:00,534.71
2014-02-26 0:00,577.09
2014-02-27 0:00,576.7
2014-02-28 0:00,543.93
2014-03-01 0:00,563.74
2014-03-02 0:00,560.3
2014-03-03 0:00,661.12
2014-03-04 0:00,663.6
2014-03-05 0:00,661.79
2014-03-06 0:00,658.72
2014-03-07 0:00,625.83
2014-03-08 0:00,615.24
2014-03-09 0:00,633.18
2014-03-10 0:00,625.83
2014-03-11 0:00,628.95
2014-03-12 0:00,631.39
2014-03-13 0:00,638.16
2014-03-14 0:00,626.71
2014-03-15 0:00,633.67
2014-03-16 0:00,630.72
2014-03-17 0:00,621.22
2014-03-18 0:00,613.63
2014-03-19 0:00,608.82
2014-03-20 0:00,586.59
2014-03-21 0:00,570.77
2014-03-22 0:00,564.42
2014-03-23 0:00,561.35
2014-03-24 0:00,586.27
2014-03-25 0:00,582.28
2014-03-26 0:00,579.07
2014-03-27 0:00,478.16
2014-03-28 0:00,502.44
2014-03-29 0:00,493.18
2014-03-30 0:00,461.87
2014-03-31 0:00,458.5
2014-04-01 0:00,478.72
2014-04-02 0:00,437.51
2014-04-03 0:00,447.08
2014-04-04 0:00,448.88
2014-04-05 0:00,464.83
2014-04-06 0:00,460.7
2014-04-07 0:00,446.22
2014-04-08 0:00,450.46
2014-04-09 0:00,440.2
2014-04-10 0:00,360.84
2014-04-11 0:00,420.06
2014-04-12 0:00,420.66
2014-04-13 0:00,414.95
2014-04-14 0:00,457.63
2014-04-15 0:00,520.12
2014-04-16 0:00,529.16
2014-04-17 0:00,494.4
2014-04-18 0:00,478.23
2014-04-19 0:00,501.55
2014-04-20 0:00,497.32
2014-04-21 0:00,493.09
2014-04-22 0:00,484.43
2014-04-23 0:00,486.93
2014-04-24 0:00,500.26
2014-04-25 0:00,459.61
2014-04-26 0:00,456.14
2014-04-27 0:00,429.65
2014-04-28 0:00,437.06
2014-04-29 0:00,444.25
2014-04-30 0:00,445.87
2014-05-01 0:00,456.27
2014-05-02 0:00,446.64
2014-05-03 0:00,436.94
2014-05-04 0:00,434.06
2014-05-05 0:00,429.72
2014-05-06 0:00,426.99
2014-05-07 0:00,436.96
2014-05-08 0:00,435.34
2014-05-09 0:00,448.23
2014-05-10 0:00,452.71
2014-05-11 0:00,436.54
2014-05-12 0:00,438.43
2014-05-13 0:00,437.41
2014-05-14 0:00,441.75
2014-05-15 0:00,444.32
2014-05-16 0:00,445.01
2014-05-17 0:00,446.36
2014-05-18 0:00,444.81
2014-05-19 0:00,444.31
2014-05-20 0:00,485.83
2014-05-21 0:00,489.16
2014-05-22 0:00,526.06
2014-05-23 0:00,519.04
2014-05-24 0:00,525.63
2014-05-25 0:00,570.09
2014-05-26 0:00,581.83
2014-05-27 0:00,569.63
2014-05-28 0:00,574.45
2014-05-29 0:00,565.51
2014-05-30 0:00,616.47
2014-05-31 0:00,623.26
2014-06-01 0:00,629.02
2014-06-02 0:00,658.79
2014-06-03 0:00,665.73
2014-06-04 0:00,636.78
2014-06-05 0:00,656.06
2014-06-06 0:00,645.56
2014-06-07 0:00,652.71
2014-06-08 0:00,653.64
2014-06-09 0:00,645.34
2014-06-10 0:00,649.81
2014-06-11 0:00,627.91
2014-06-12 0:00,581.8
2014-06-13 0:00,597.43
2014-06-14 0:00,571.69
2014-06-15 0:00,591.97
2014-06-16 0:00,588.06
2014-06-17 0:00,607.34
2014-06-18 0:00,604.88
2014-06-19 0:00,592.26
2014-06-20 0:00,588.52
2014-06-21 0:00,591.03
2014-06-22 0:00,598.88
2014-06-23 0:00,587.46
2014-06-24 0:00,575.07
2014-06-25 0:00,562.13
2014-06-26 0:00,579.38
2014-06-27 0:00,600.86
2014-06-28 0:00,591.99
2014-06-29 0:00,598.6
2014-06-30 0:00,639.36
2014-07-01 0:00,635.59
2014-07-02 0:00,647.34
2014-07-03 0:00,640.69
2014-07-04 0:00,626.96
2014-07-05 0:00,628.33
2014-07-06 0:00,631.71
2014-07-07 0:00,617.99
2014-07-08 0:00,620.22
2014-07-09 0:00,620.55
2014-07-10 0:00,615.11
2014-07-11 0:00,631.18
2014-07-12 0:00,634.48
2014-07-13 0:00,627.58
2014-07-14 0:00,618.38
2014-07-15 0:00,619.36
2014-07-16 0:00,615.2
2014-07-17 0:00,622.62
2014-07-18 0:00,628.22
2014-07-19 0:00,625.8
2014-07-20 0:00,621.37
2014-07-21 0:00,620.01
2014-07-22 0:00,618.81
2014-07-23 0:00,617.93
2014-07-24 0:00,600.01
2014-07-25 0:00,599.93
2014-07-26 0:00,593.85
2014-07-27 0:00,590.95
2014-07-28 0:00,584.69
2014-07-29 0:00,582.2
2014-07-30 0:00,564.37
2014-07-31 0:00,581.35
2014-08-01 0:00,595.08
2014-08-02 0:00,587.29
2014-08-03 0:00,585.51
2014-08-04 0:00,586.76
2014-08-05 0:00,583.11
2014-08-06 0:00,583.04
2014-08-07 0:00,587.4
2014-08-08 0:00,590.53
2014-08-09 0:00,588.09
2014-08-10 0:00,589.45
2014-08-11 0:00,573.31
2014-08-12 0:00,568.21
2014-08-13 0:00,544.57
2014-08-14 0:00,508.55
2014-08-15 0:00,496.62
2014-08-16 0:00,519.83
2014-08-17 0:00,492.95
2014-08-18 0:00,460.67
2014-08-19 0:00,486.74
2014-08-20 0:00,511.93
2014-08-21 0:00,516.16
2014-08-22 0:00,513.94
2014-08-23 0:00,497.22
2014-08-24 0:00,508.57
2014-08-25 0:00,501.63
2014-08-26 0:00,513.47
2014-08-27 0:00,510.43
2014-08-28 0:00,507.02
2014-08-29 0:00,508.42
2014-08-30 0:00,501.2
2014-08-31 0:00,478.07
2014-09-01 0:00,474.13
2014-09-02 0:00,475.32
2014-09-03 0:00,474.54
2014-09-04 0:00,489.09
2014-09-05 0:00,480.5
2014-09-06 0:00,482.24
2014-09-07 0:00,479.48
2014-09-08 0:00,472.15
2014-09-09 0:00,471.56
2014-09-10 0:00,477.53
2014-09-11 0:00,476.33
2014-09-12 0:00,473.83
2014-09-13 0:00,477.09
2014-09-14 0:00,474.71
2014-09-15 0:00,471.36
2014-09-16 0:00,463.74
2014-09-17 0:00,454.91
2014-09-18 0:00,421.46
2014-09-19 0:00,391.94
2014-09-20 0:00,406.82
2014-09-21 0:00,396.57
2014-09-22 0:00,398.89
2014-09-23 0:00,435.38
2014-09-24 0:00,422.3
2014-09-25 0:00,408.8
2014-09-26 0:00,401.92
2014-09-27 0:00,398.36
2014-09-28 0:00,376.2
2014-09-29 0:00,374.73
2014-09-30 0:00,386.27
2014-10-01 0:00,381.33
2014-10-02 0:00,371.99
2014-10-03 0:00,356.56
2014-10-04 0:00,325.49
2014-10-05 0:00,319.64
2014-10-06 0:00,328.46
2014-10-07 0:00,334.09
2014-10-08 0:00,352.79
2014-10-09 0:00,363.78
2014-10-10 0:00,358.69
2014-10-11 0:00,359.2
2014-10-12 0:00,376.19
2014-10-13 0:00,388.38
2014-10-14 0:00,398.71
2014-10-15 0:00,391.84
2014-10-16 0:00,380.08
2014-10-17 0:00,380.42
2014-10-18 0:00,388.96
2014-10-19 0:00,386.59
2014-10-20 0:00,379.37
2014-10-21 0:00,382.38
2014-10-22 0:00,379.1
2014-10-23 0:00,355.86
2014-10-24 0:00,355.17
2014-10-25 0:00,346.11
2014-10-26 0:00,351.54
2014-10-27 0:00,348.96
2014-10-28 0:00,351.9
2014-10-29 0:00,333.38
2014-10-30 0:00,343.78
2014-10-31 0:00,336.8
2014-11-01 0:00,325.39
2014-11-02 0:00,323.74
2014-11-03 0:00,324.23
2014-11-04 0:00,328.28
2014-11-05 0:00,337.14
2014-11-06 0:00,348.23
2014-11-07 0:00,341.08
2014-11-08 0:00,344.03
2014-11-09 0:00,363.31
2014-11-10 0:00,365.29
2014-11-11 0:00,366.99
2014-11-12 0:00,427.24
2014-11-13 0:00,417.15
2014-11-14 0:00,398.43
2014-11-15 0:00,375.13
2014-11-16 0:00,388.55
2014-11-17 0:00,385.86
2014-11-18 0:00,372.38
2014-11-19 0:00,377.24
2014-11-20 0:00,356.14
2014-11-21 0:00,348.86
2014-11-22 0:00,352.04
2014-11-23 0:00,366.77
2014-11-24 0:00,375.24
2014-11-25 0:00,375.72
2014-11-26 0:00,368.51
2014-11-27 0:00,369.14
2014-11-28 0:00,375.85
2014-11-29 0:00,375.22
2014-11-30 0:00,377.09
2014-12-01 0:00,378.64
2014-12-02 0:00,381.54
2014-12-03 0:00,374.97
2014-12-04 0:00,369.15
2014-12-05 0:00,376.04
2014-12-06 0:00,374.02
2014-12-07 0:00,374.26
2014-12-08 0:00,360.94
2014-12-09 0:00,351.27
2014-12-10 0:00,344.62
2014-12-11 0:00,347.13
2014-12-12 0:00,350.94
2014-12-13 0:00,347.47
2014-12-14 0:00,351.14
2014-12-15 0:00,345.1
2014-12-16 0:00,326.08
2014-12-17 0:00,319.17
2014-12-18 0:00,310.75
2014-12-19 0:00,317.01
2014-12-20 0:00,329.57
2014-12-21 0:00,319.24
2014-12-22 0:00,330.67
2014-12-23 0:00,334.05
2014-12-24 0:00,321.88
2014-12-25 0:00,318.61
2014-12-26 0:00,327.16
2014-12-27 0:00,315.17
2014-12-28 0:00,316.8
2014-12-29 0:00,312.44
2014-12-30 0:00,309.87
2014-12-31 0:00,319.7
2015-01-01 0:00,313.92
2015-01-02 0:00,314.59
2015-01-03 0:00,279.85
2015-01-04 0:00,263.63
2015-01-05 0:00,272.95
2015-01-06 0:00,285.58
2015-01-07 0:00,294.88
2015-01-08 0:00,283.25
2015-01-09 0:00,288.84
2015-01-10 0:00,274.07
2015-01-11 0:00,265.37
2015-01-12 0:00,267.09
2015-01-13 0:00,226.98
2015-01-14 0:00,177.28
2015-01-15 0:00,210.46
2015-01-16 0:00,207.22
2015-01-17 0:00,199.62
2015-01-18 0:00,209.93
2015-01-19 0:00,213.98
2015-01-20 0:00,210.48
2015-01-21 0:00,225.98
2015-01-22 0:00,232.66
2015-01-23 0:00,232.97
2015-01-24 0:00,247.99
2015-01-25 0:00,254.51
2015-01-26 0:00,271.95
2015-01-27 0:00,262.06
2015-01-28 0:00,233.21
2015-01-29 0:00,232.4
2015-01-30 0:00,226.5
2015-01-31 0:00,216.91
2015-02-01 0:00,226.4
2015-02-02 0:00,237.54
2015-02-03 0:00,226.96
2015-02-04 0:00,226.73
2015-02-05 0:00,216.77
2015-02-06 0:00,222.48
2015-02-07 0:00,227.33
2015-02-08 0:00,222.87
2015-02-09 0:00,220.17
2015-02-10 0:00,220.08
2015-02-11 0:00,219.49
2015-02-12 0:00,221.85
2015-02-13 0:00,235.79
2015-02-14 0:00,257.47
2015-02-15 0:00,234.33
2015-02-16 0:00,233.56
2015-02-17 0:00,243.6
2015-02-18 0:00,236.21
2015-02-19 0:00,239.83
2015-02-20 0:00,243.78
2015-02-21 0:00,244.26
2015-02-22 0:00,235.53
2015-02-23 0:00,238.08
2015-02-24 0:00,238.76
2015-02-25 0:00,237.25
2015-02-26 0:00,236.1
2015-02-27 0:00,252.51
2015-02-28 0:00,253.53
2015-03-01 0:00,258.74
2015-03-02 0:00,271.35
2015-03-03 0:00,281.45
2015-03-04 0:00,271.92
2015-03-05 0:00,274.86
2015-03-06 0:00,272.21
2015-03-07 0:00,275.89
2015-03-08 0:00,274.48
2015-03-09 0:00,288.52
2015-03-10 0:00,290.51
2015-03-11 0:00,295.83
2015-03-12 0:00,293.87
2015-03-13 0:00,284.28
2015-03-14 0:00,281.36
2015-03-15 0:00,285.34
2015-03-16 0:00,290.38
2015-03-17 0:00,284.46
2015-03-18 0:00,255.37
2015-03-19 0:00,259.74
2015-03-20 0:00,260.84
2015-03-21 0:00,259.62
2015-03-22 0:00,267.8
2015-03-23 0:00,265.94
2015-03-24 0:00,245.44
2015-03-25 0:00,246.13
2015-03-26 0:00,247.65
2015-03-27 0:00,246.58
2015-03-28 0:00,252.25
2015-03-29 0:00,242.02
2015-03-30 0:00,246.85
2015-03-31 0:00,243.39
2015-04-01 0:00,246.55
2015-04-02 0:00,252.26
2015-04-03 0:00,253.54
2015-04-04 0:00,253.12
2015-04-05 0:00,259.95
2015-04-06 0:00,254.52
2015-04-07 0:00,252.8
2015-04-08 0:00,244.36
2015-04-09 0:00,243.26
2015-04-10 0:00,235.22
2015-04-11 0:00,236.12
2015-04-12 0:00,235.64
2015-04-13 0:00,223.41
2015-04-14 0:00,218.27
2015-04-15 0:00,223.57
2015-04-16 0:00,228.11
2015-04-17 0:00,222.23
2015-04-18 0:00,222.84
2015-04-19 0:00,221.69
2015-04-20 0:00,224.31
2015-04-21 0:00,235.81
2015-04-22 0:00,233.92
2015-04-23 0:00,235.56
2015-04-24 0:00,230.79
2015-04-25 0:00,225.85
2015-04-26 0:00,218.81
2015-04-27 0:00,228.5
2015-04-28 0:00,225.68
2015-04-29 0:00,225.98
2015-04-30 0:00,236.57
2015-05-01 0:00,232.12
2015-05-02 0:00,234.9
2015-05-03 0:00,240.12
2015-05-04 0:00,238.77
2015-05-05 0:00,236.55
2015-05-06 0:00,230.05
2015-05-07 0:00,237.78
2015-05-08 0:00,243.39
2015-05-09 0:00,240.48
2015-05-10 0:00,239.63
2015-05-11 0:00,241.85
2015-05-12 0:00,240.99
2015-05-13 0:00,235.8
2015-05-14 0:00,236.74
2015-05-15 0:00,237.31
2015-05-16 0:00,235.73
2015-05-17 0:00,236.1
2015-05-18 0:00,232.87
2015-05-19 0:00,231.94
2015-05-20 0:00,234.25
2015-05-21 0:00,235.3
2015-05-22 0:00,240.52
2015-05-23 0:00,239.03
2015-05-24 0:00,241.19
2015-05-25 0:00,237.49
2015-05-26 0:00,237.33
2015-05-27 0:00,237.18
2015-05-28 0:00,237.47
2015-05-29 0:00,237.1
2015-05-30 0:00,233.29
2015-05-31 0:00,230
2015-06-01 0:00,223.31
2015-06-02 0:00,225.75
2015-06-03 0:00,225.65
2015-06-04 0:00,224.37
2015-06-05 0:00,225.04
2015-06-06 0:00,225.68
2015-06-07 0:00,223.39
2015-06-08 0:00,228.65
2015-06-09 0:00,229.33
2015-06-10 0:00,228.95
2015-06-11 0:00,230.02
2015-06-12 0:00,230.2
2015-06-13 0:00,232.75
2015-06-14 0:00,233.85
2015-06-15 0:00,237.31
2015-06-16 0:00,250.9
2015-06-17 0:00,249.17
2015-06-18 0:00,248.87
2015-06-19 0:00,243.55
2015-06-20 0:00,245.26
2015-06-21 0:00,244.01
2015-06-22 0:00,246.77
2015-06-23 0:00,243.99
2015-06-24 0:00,240.22
2015-06-25 0:00,242.42
2015-06-26 0:00,242.64
2015-06-27 0:00,250.71
2015-06-28 0:00,248.07
2015-06-29 0:00,256.49
2015-06-30 0:00,262.48
2015-07-01 0:00,257.66
2015-07-02 0:00,254.35
2015-07-03 0:00,255.6
2015-07-04 0:00,260.35
2015-07-05 0:00,271.02
2015-07-06 0:00,268.49
2015-07-07 0:00,264.96
2015-07-08 0:00,269.65
2015-07-09 0:00,268.11
2015-07-10 0:00,283.88
2015-07-11 0:00,291.69
2015-07-12 0:00,309.98
2015-07-13 0:00,290.88
2015-07-14 0:00,286.19
2015-07-15 0:00,283.82
2015-07-16 0:00,277.83
2015-07-17 0:00,278.49
2015-07-18 0:00,274.49
2015-07-19 0:00,272.49
2015-07-20 0:00,278.41
2015-07-21 0:00,275.1
2015-07-22 0:00,276.62
2015-07-23 0:00,275.63
2015-07-24 0:00,287.97
2015-07-25 0:00,288.13
2015-07-26 0:00,291.64
2015-07-27 0:00,292.73
2015-07-28 0:00,293.79
2015-07-29 0:00,288.77
2015-07-30 0:00,287.29
2015-07-31 0:00,283.94
2015-08-01 0:00,280.04
2015-08-02 0:00,281.65
2015-08-03 0:00,280.48
2015-08-04 0:00,284.5
2015-08-05 0:00,281.38
2015-08-06 0:00,278.25
2015-08-07 0:00,279.03
2015-08-08 0:00,260.2
2015-08-09 0:00,264.44
2015-08-10 0:00,263.76
2015-08-11 0:00,270.92
2015-08-12 0:00,265.64
2015-08-13 0:00,263.34
2015-08-14 0:00,264.87
2015-08-15 0:00,260.73
2015-08-16 0:00,257.67
2015-08-17 0:00,256.98
2015-08-18 0:00,219
2015-08-19 0:00,225.39
2015-08-20 0:00,234.69
2015-08-21 0:00,231.94
2015-08-22 0:00,229.74
2015-08-23 0:00,227.59
2015-08-24 0:00,209.13
2015-08-25 0:00,221.71
2015-08-26 0:00,225.38
2015-08-27 0:00,224.26
2015-08-28 0:00,230.98
2015-08-29 0:00,229.76
2015-08-30 0:00,228.61
2015-08-31 0:00,230.02
2015-09-01 0:00,227.35
2015-09-02 0:00,228.86
2015-09-03 0:00,226.76
2015-09-04 0:00,230.09
2015-09-05 0:00,234.68
2015-09-06 0:00,239.44
2015-09-07 0:00,240.02
2015-09-08 0:00,243.55
2015-09-09 0:00,238.29
2015-09-10 0:00,238.59
2015-09-11 0:00,240.08
2015-09-12 0:00,234.82
2015-09-13 0:00,230.33
2015-09-14 0:00,230.24
2015-09-15 0:00,229.92
2015-09-16 0:00,228.8
2015-09-17 0:00,232.79
2015-09-18 0:00,232.72
2015-09-19 0:00,231.24
2015-09-20 0:00,230.86
2015-09-21 0:00,226.61
2015-09-22 0:00,230.52
2015-09-23 0:00,229.96
2015-09-24 0:00,234.28
2015-09-25 0:00,234.84
2015-09-26 0:00,234.21
2015-09-27 0:00,232.85
2015-09-28 0:00,239.34
2015-09-29 0:00,236.62
2015-09-30 0:00,236.25
2015-10-01 0:00,237.57
2015-10-02 0:00,237.4
2015-10-03 0:00,239.09
2015-10-04 0:00,238.69
2015-10-05 0:00,240.59
2015-10-06 0:00,246.42
2015-10-07 0:00,243.27
2015-10-08 0:00,242.69
2015-10-09 0:00,244.32
2015-10-10 0:00,245.33
2015-10-11 0:00,247.53
2015-10-12 0:00,245.59
2015-10-13 0:00,249.94
2015-10-14 0:00,252.59
2015-10-15 0:00,254.81
2015-10-16 0:00,262.94
2015-10-17 0:00,271.2
2015-10-18 0:00,262.9
2015-10-19 0:00,264.42
2015-10-20 0:00,270.22
2015-10-21 0:00,267.33
2015-10-22 0:00,274.41
2015-10-23 0:00,277.46
2015-10-24 0:00,282.66
2015-10-25 0:00,283.07
2015-10-26 0:00,286.13
2015-10-27 0:00,294.4
2015-10-28 0:00,303.89
2015-10-29 0:00,313.59
2015-10-30 0:00,326
2015-10-31 0:00,312.43
2015-11-01 0:00,325.08
2015-11-02 0:00,359.35
2015-11-03 0:00,400.71
2015-11-04 0:00,408.74
2015-11-05 0:00,387.51
2015-11-06 0:00,374.95
2015-11-07 0:00,384.8
2015-11-08 0:00,373.49
2015-11-09 0:00,380.04
2015-11-10 0:00,337.93
2015-11-11 0:00,312.58
2015-11-12 0:00,336.86
2015-11-13 0:00,337.29
2015-11-14 0:00,333.55
2015-11-15 0:00,319.93
2015-11-16 0:00,331.59
2015-11-17 0:00,335.77
2015-11-18 0:00,334.97
2015-11-19 0:00,326.31
2015-11-20 0:00,321.99
2015-11-21 0:00,327.17
2015-11-22 0:00,324.34
2015-11-23 0:00,323.26
2015-11-24 0:00,320.16
2015-11-25 0:00,328.98
2015-11-26 0:00,353.3
2015-11-27 0:00,358.18
2015-11-28 0:00,357.66
2015-11-29 0:00,371.86
2015-11-30 0:00,376.91
2015-12-01 0:00,362.73
2015-12-02 0:00,359.43
2015-12-03 0:00,361.31
2015-12-04 0:00,363.48
2015-12-05 0:00,388.86
2015-12-06 0:00,388.46
2015-12-07 0:00,395.86
2015-12-08 0:00,418.14
2015-12-09 0:00,418.04
2015-12-10 0:00,415.25
2015-12-11 0:00,453.9
2015-12-12 0:00,435.9
2015-12-13 0:00,433.54
2015-12-14 0:00,443.84
2015-12-15 0:00,465.5
2015-12-16 0:00,455.37
2015-12-17 0:00,455.99
2015-12-18 0:00,463.84
2015-12-19 0:00,462.23
2015-12-20 0:00,442.5
2015-12-21 0:00,437.76
2015-12-22 0:00,435.5
2015-12-23 0:00,442.84
2015-12-24 0:00,454.85
2015-12-25 0:00,455.31
2015-12-26 0:00,417.22
2015-12-27 0:00,422.52
2015-12-28 0:00,421.26
2015-12-29 0:00,432.62
2015-12-30 0:00,426.14
2015-12-31 0:00,430.05
2016-01-01 0:00,434.46
2016-01-02 0:00,433.59
2016-01-03 0:00,430.36
2016-01-04 0:00,433.49
2016-01-05 0:00,432.25
2016-01-06 0:00,429.46
2016-01-07 0:00,458.28
2016-01-08 0:00,453.37
2016-01-09 0:00,449.14
2016-01-10 0:00,448.96
2016-01-11 0:00,448.38
2016-01-12 0:00,432.88
2016-01-13 0:00,432.04
2016-01-14 0:00,429.73
2016-01-15 0:00,358.77
2016-01-16 0:00,387.66
2016-01-17 0:00,380.21
2016-01-18 0:00,385.84
2016-01-19 0:00,377.74
2016-01-20 0:00,418.74
2016-01-21 0:00,409.94
2016-01-22 0:00,381.76
2016-01-23 0:00,386.19
2016-01-24 0:00,402.61
2016-01-25 0:00,390.66
2016-01-26 0:00,391.43
2016-01-27 0:00,394.63
2016-01-28 0:00,379.38
2016-01-29 0:00,378.2
2016-01-30 0:00,376.94
2016-01-31 0:00,367.13
2016-02-01 0:00,371.25
2016-02-02 0:00,372.88
2016-02-03 0:00,368.93
2016-02-04 0:00,388.61
2016-02-05 0:00,385.34
2016-02-06 0:00,375.4
2016-02-07 0:00,375.28
2016-02-08 0:00,371.1
2016-02-09 0:00,373.32
2016-02-10 0:00,379.96
2016-02-11 0:00,377.72
2016-02-12 0:00,383.13
2016-02-13 0:00,392.18
2016-02-14 0:00,406.74
2016-02-15 0:00,399.48
2016-02-16 0:00,407.36
2016-02-17 0:00,415.56
2016-02-18 0:00,421.64
2016-02-19 0:00,420.33
2016-02-20 0:00,436.52
2016-02-21 0:00,438.98
2016-02-22 0:00,438.07
2016-02-23 0:00,419.98
2016-02-24 0:00,424.36
2016-02-25 0:00,423.52
2016-02-26 0:00,432.06
2016-02-27 0:00,432.14
2016-02-28 0:00,432.64
2016-02-29 0:00,436.61
2016-03-01 0:00,433.64
2016-03-02 0:00,421.6
2016-03-03 0:00,419.47
2016-03-04 0:00,407.98
2016-03-05 0:00,397.83
2016-03-06 0:00,404.55
2016-03-07 0:00,412.98
2016-03-08 0:00,411.76
2016-03-09 0:00,412.62
2016-03-10 0:00,416.16
2016-03-11 0:00,419.89
2016-03-12 0:00,410.13
2016-03-13 0:00,412.29
2016-03-14 0:00,415.09
2016-03-15 0:00,415.38
2016-03-16 0:00,416.25
2016-03-17 0:00,418.45
2016-03-18 0:00,408.04
2016-03-19 0:00,408.52
2016-03-20 0:00,410.75
2016-03-21 0:00,411.42
2016-03-22 0:00,416.93
2016-03-23 0:00,417.39
2016-03-24 0:00,414.34
2016-03-25 0:00,415.69
2016-03-26 0:00,416.73
2016-03-27 0:00,425.38
2016-03-28 0:00,422.76
2016-03-29 0:00,415.55
2016-03-30 0:00,412.69
2016-03-31 0:00,415.16
2016-04-01 0:00,417.01
2016-04-02 0:00,419.69
2016-04-03 0:00,419.38
2016-04-04 0:00,419.42
2016-04-05 0:00,422.65
2016-04-06 0:00,421.7
2016-04-07 0:00,421.2
2016-04-08 0:00,418.09
2016-04-09 0:00,418.42
2016-04-10 0:00,421.11
2016-04-11 0:00,422.99
2016-04-12 0:00,425.99
2016-04-13 0:00,424.4
2016-04-14 0:00,425.11
2016-04-15 0:00,429.98
2016-04-16 0:00,430.84
2016-04-17 0:00,427.86
2016-04-18 0:00,429.05
2016-04-19 0:00,436.1
2016-04-20 0:00,442.16
2016-04-21 0:00,451.1
2016-04-22 0:00,447.64
2016-04-23 0:00,452.58
2016-04-24 0:00,460.33
2016-04-25 0:00,462.51
2016-04-26 0:00,467.8
2016-04-27 0:00,445.01
2016-04-28 0:00,449.86
2016-04-29 0:00,456.35
2016-04-30 0:00,449.33
2016-05-01 0:00,453.04
2016-05-02 0:00,444.51
2016-05-03 0:00,450.27
2016-05-04 0:00,446.96
2016-05-05 0:00,448.53
2016-05-06 0:00,460.37
2016-05-07 0:00,459.46
2016-05-08 0:00,459.44
2016-05-09 0:00,461.49
2016-05-10 0:00,450.99
2016-05-11 0:00,452.11
2016-05-12 0:00,454.82
2016-05-13 0:00,455.73
2016-05-14 0:00,455.75
2016-05-15 0:00,457.85
2016-05-16 0:00,453.41
2016-05-17 0:00,452.75
2016-05-18 0:00,453.38
2016-05-19 0:00,436.73
2016-05-20 0:00,442.95
2016-05-21 0:00,443.13
2016-05-22 0:00,438.77
2016-05-23 0:00,443.73
2016-05-24 0:00,445.13
2016-05-25 0:00,449.23
2016-05-26 0:00,453.82
2016-05-27 0:00,473.47
2016-05-28 0:00,525.43
2016-05-29 0:00,524.08
2016-05-30 0:00,532.59
2016-05-31 0:00,531.8
2016-06-01 0:00,536.42
2016-06-02 0:00,538.14
2016-06-03 0:00,570.47
2016-06-04 0:00,573.45
2016-06-05 0:00,574.11
2016-06-06 0:00,585.53
2016-06-07 0:00,577.86
2016-06-08 0:00,583.1
2016-06-09 0:00,576.45
2016-06-10 0:00,579.13
2016-06-11 0:00,611.78
2016-06-12 0:00,675.34
2016-06-13 0:00,705.62
2016-06-14 0:00,685.99
2016-06-15 0:00,696.32
2016-06-16 0:00,768.24
2016-06-17 0:00,747.55
2016-06-18 0:00,755.68
2016-06-19 0:00,764.04
2016-06-20 0:00,727.95
2016-06-21 0:00,665.88
2016-06-22 0:00,602.89
2016-06-23 0:00,625.49
2016-06-24 0:00,665.16
2016-06-25 0:00,665.33
2016-06-26 0:00,630.25
2016-06-27 0:00,658.4
2016-06-28 0:00,646.3
2016-06-29 0:00,639.08
2016-06-30 0:00,672.48
2016-07-01 0:00,676.52
2016-07-02 0:00,703.69
2016-07-03 0:00,659.69
2016-07-04 0:00,681.63
2016-07-05 0:00,668.09
2016-07-06 0:00,676.11
2016-07-07 0:00,639.76
2016-07-08 0:00,664.74
2016-07-09 0:00,650.63
2016-07-10 0:00,649.96
2016-07-11 0:00,649.03
2016-07-12 0:00,664.84
2016-07-13 0:00,653.93
2016-07-14 0:00,659.64
2016-07-15 0:00,664.88
2016-07-16 0:00,663.54
2016-07-17 0:00,679.05
2016-07-18 0:00,673.59
2016-07-19 0:00,673.84
2016-07-20 0:00,666.18
2016-07-21 0:00,665.1
2016-07-22 0:00,650.82
2016-07-23 0:00,654.86
2016-07-24 0:00,661.05
2016-07-25 0:00,655.13
2016-07-26 0:00,651.08
2016-07-27 0:00,655.44
2016-07-28 0:00,655.63
2016-07-29 0:00,656.67
2016-07-30 0:00,654.98
2016-07-31 0:00,625.88
2016-08-01 0:00,607.37
2016-08-02 0:00,552.82
2016-08-03 0:00,565.26
2016-08-04 0:00,578.32
2016-08-05 0:00,574.96
2016-08-06 0:00,588.42
2016-08-07 0:00,592.78
2016-08-08 0:00,590.62
2016-08-09 0:00,584.76
2016-08-10 0:00,592.89
2016-08-11 0:00,586.52
2016-08-12 0:00,586.03
2016-08-13 0:00,585.08
2016-08-14 0:00,571.44
2016-08-15 0:00,567.2
2016-08-16 0:00,576.25
2016-08-17 0:00,571.74
2016-08-18 0:00,572.5
2016-08-19 0:00,573.66
2016-08-20 0:00,580.7
2016-08-21 0:00,580.69
2016-08-22 0:00,584.73
2016-08-23 0:00,581.28
2016-08-24 0:00,577.99
2016-08-25 0:00,575.73
2016-08-26 0:00,578.16
2016-08-27 0:00,568.67
2016-08-28 0:00,573.55
2016-08-29 0:00,572.36
2016-08-30 0:00,576
2016-08-31 0:00,572.33
2016-09-01 0:00,571.69
2016-09-02 0:00,574.15
2016-09-03 0:00,598.38
2016-09-04 0:00,608.92
2016-09-05 0:00,606.03
2016-09-06 0:00,611.07
2016-09-07 0:00,614.79
2016-09-08 0:00,624.95
2016-09-09 0:00,621.8
2016-09-10 0:00,622.21
2016-09-11 0:00,605.81
2016-09-12 0:00,606.31
2016-09-13 0:00,606.92
2016-09-14 0:00,608.22
2016-09-15 0:00,605.21
2016-09-16 0:00,606.33
2016-09-17 0:00,605.29
2016-09-18 0:00,608.7
2016-09-19 0:00,608.53
2016-09-20 0:00,599.47
2016-09-21 0:00,595.8
2016-09-22 0:00,595.03
2016-09-23 0:00,601.71
2016-09-24 0:00,601.34
2016-09-25 0:00,599.18
2016-09-26 0:00,606.81
2016-09-27 0:00,604.76
2016-09-28 0:00,603.52
2016-09-29 0:00,605.06
2016-09-30 0:00,608.44
2016-10-01 0:00,613.93
2016-10-02 0:00,610.29
2016-10-03 0:00,612.34
2016-10-04 0:00,609.37
2016-10-05 0:00,610.88
2016-10-06 0:00,610.9
2016-10-07 0:00,616.49
2016-10-08 0:00,616.6
2016-10-09 0:00,614.62
2016-10-10 0:00,617.42
2016-10-11 0:00,639.37
2016-10-12 0:00,635.08
2016-10-13 0:00,635.02
2016-10-14 0:00,638.37
2016-10-15 0:00,637.37
2016-10-16 0:00,639.83
2016-10-17 0:00,636.92
2016-10-18 0:00,635.51
2016-10-19 0:00,628.15
2016-10-20 0:00,628.62
2016-10-21 0:00,630.15
2016-10-22 0:00,652.71
2016-10-23 0:00,649.24
2016-10-24 0:00,648.4
2016-10-25 0:00,652.89
2016-10-26 0:00,674.36
2016-10-27 0:00,686.52
2016-10-28 0:00,688.1
2016-10-29 0:00,712.87
2016-10-30 0:00,696.35
2016-10-31 0:00,697.37
2016-11-01 0:00,729.27
2016-11-02 0:00,742.46
2016-11-03 0:00,687.51
2016-11-04 0:00,702.54
2016-11-05 0:00,704.16
2016-11-06 0:00,712.24
2016-11-07 0:00,704.02
2016-11-08 0:00,709.15
2016-11-09 0:00,721.19
2016-11-10 0:00,713.67
2016-11-11 0:00,716.56
2016-11-12 0:00,703.55
2016-11-13 0:00,702.5
2016-11-14 0:00,706.39
2016-11-15 0:00,711.96
2016-11-16 0:00,742.07
2016-11-17 22:10,738.51
